﻿Designator,Footprint,Quantity,Value,LCSC Part #
"C1, C2, C3, C31",CP_Elec_10x10.5,4,470uF,
"C101, C201",C_Rect_L7.2mm_W4.5mm_P5.00mm_FKS2_FKP2_MKS2_MKP2,2,100pF,
"C102, C202",C_Rect_L7.2mm_W4.5mm_P5.00mm_FKS2_FKP2_MKS2_MKP2,2,39nF,
"C103, C203",C_Rect_L7.2mm_W4.5mm_P5.00mm_FKS2_FKP2_MKS2_MKP2,2,200uF,
"C104, C204",C_Rect_L7.2mm_W4.5mm_P5.00mm_FKS2_FKP2_MKS2_MKP2,2,2uF,
"C105, C205",C_Rect_L7.2mm_W4.5mm_P5.00mm_FKS2_FKP2_MKS2_MKP2,2,33nF,
"C106, C107, C108, C206, C207, C208",CP_Elec_5x5.4,6,10uF,
"C27, C28, C32",1206,3,100nF,
C29,1206,1,0.1uF,
C30,1206,1,10uF,
C33,1206,1,100uF/6.3V,
"D5, D7, D8",D_SMA,3,1N4004,
D6,D_SMA,1,1N4002,
K1,Relay_DPDT_Omron_G6K-2F-Y,1,G6K-2,
P10,PinSocket_1x09_P2.54mm_Horizontal,1,From Keyboard,
P8,PinSocket_1x09_P2.54mm_Horizontal,1,From main PCB,
P9,PinSocket_1x06_P2.54mm_Vertical,1,From Wire,
Q1,SOT-89-3_Handsoldering,1,Q_NPN_BCE,
"R102, R103, R111, R112, R202, R203, R211, R212",1206,8,47k,
"R104, R204",1206,2,499,
"R105, R205",1206,2,80.6k,
"R106, R206",1206,2,8.45k,
"R107, R207",1206,2,2.37k,
"R108, R208",1206,2,54.9k,
"R109, R209",1206,2,4.3k,
"R110, R210",1206,2,2k,
R19,1206,1,5k6,
R20,1206,1,300,
R21,1206,1,1k,
R22,1206,1,100k,
RV1,Potentiometer_Bourns_3314J_Vertical,1,1M,
TP1,TestPoint_Loop_D2.50mm_Drill1.0mm_LowProfile,1,GND TestPoint,
TP2,TestPoint_Loop_D2.50mm_Drill1.0mm_LowProfile,1,24V TP,
"U5, U6",D8,2,OPA2134,
U7,TO-263-3_TabPin2,1,LM317_TO-220,
